name,bus,p_nom,max_hours,carrier
Reservoir_DE,DE,1297.0,199.36624670626216,hydro
PSOpen_DE,DE,1644.1,253.48762240739615,hydro
PSClosed_DE,DE,7381.64,85.33060254881899,hydro
Battery_DE,DE,3199.99,2.0000093750292973,battery
Reservoir_FR,FR,9847.0,1015.5377272265665,hydro
PSOpen_FR,FR,1850.0,48.64864864864866,hydro
PSClosed_FR,FR,1950.0,5.128205128205129,hydro
Battery_FR,FR,470.0000000000005,2.0,battery
Reservoir_AT,AT,2755.529,279.0885408935997,hydro
PSOpen_AT,AT,5673.5,306.5502776064158,hydro
PSClosed_AT,AT,300.0,6.0,hydro
Battery_AT,AT,67.75756044512968,1.500000000000001,battery
Reservoir_CH,CH,8530.0,958.902575587906,hydro
PSOpen_CH,CH,2070.0,48.309178743961354,hydro
PSClosed_CH,CH,2290.0,48.004657933042225,hydro
Battery_CH,CH,1220.0,0.5,battery
Battery_NL,NL,15430.0,2.5048606610499027,battery
PSClosed_BE,BE,1305.0,4.406130268199234,hydro
Battery_BE,BE,779.07,2.4648362791533494,battery
Reservoir_CZ,CZ,697.7200000000001,3.5830992375164814,hydro
PSOpen_CZ,CZ,470.4,4.889455782312925,hydro
PSClosed_CZ,CZ,688.05,5.3775161688830755,hydro
Battery_CZ,CZ,1219.935816,2.0,battery
Reservoir_PL,PL,271.48,3.0204803300427288,hydro
PSOpen_PL,PL,216.26,5.733838897623231,hydro
PSClosed_PL,PL,1333.35,4.762440469494133,hydro
Reservoir_SE,SE,15617.2,2044.6259828906589,hydro
Battery_SE,SE,541.1333804876703,4.0,battery
PSOpen_NO,NO,37829.865000000005,2367.9021707307443,hydro
Reservoir_FI,FI,3236.608,1708.5788578660126,hydro
Battery_FI,FI,125.2,1.3384984025559106,battery
Reservoir_adriatic,adriatic,8134.004,907.0609013715755,hydro
PSOpen_adriatic,adriatic,721.4,30.121985029110064,hydro
PSClosed_adriatic,adriatic,794.0,247.60201511335012,hydro
Battery_adriatic,adriatic,520.0,1.4615384615384615,battery
PSClosed_baltic,baltic,938.0,11.300639658848613,hydro
Battery_baltic,baltic,280.0,1.2857142857142858,battery
Reservoir_ES,ES,10972.199,1061.6388292820793,hydro
PSOpen_ES,ES,2683.32,2221.8222202346346,hydro
PSClosed_ES,ES,7094.571999999999,24.697895799774816,hydro
Battery_ES,ES,2500.0,2.0,battery
Reservoir_PT,PT,3765.5,342.4777585977958,hydro
PSOpen_PT,PT,3839.4,525.5769130593321,hydro
Reservoir_IT,IT,9670.481976470588,584.1756402364753,hydro
PSOpen_IT,IT,3332.2,92.31138587119621,hydro
PSClosed_IT,IT,5250.0,9.39047619047619,hydro
Battery_IT,IT,10166.88,5.944362478951262,battery
Reservoir_GR,GR,2743.7,1473.9220760287205,hydro
PSOpen_GR,GR,699.0,6.437768240343348,hydro
PSClosed_GR,GR,680.0,5.147058823529412,hydro
Battery_GR,GR,600.0,3.0,battery
Reservoir_UK,UK,6.0,8.0,hydro
PSClosed_UK,UK,2744.0,9.613702623906706,hydro
Battery_UK,UK,9258.95,1.1621940392809118,battery
PSClosed_IE,IE,292.0,5.890410958904109,hydro
Battery_IE,IE,400.0,2.0,battery
Reservoir_other eastern european,other eastern european,3881.818,830.0150610986295,hydro
PSOpen_other eastern european,other eastern european,1649.944,1095.3129174284354,hydro
PSClosed_other eastern european,other eastern european,1624.0,137.15227738192982,hydro
Battery_other eastern european,other eastern european,736.0,1.7536141304347828,battery
