zone,climate_year,price_mean_eur_mwh,price_median_eur_mwh,price_p95_eur_mwh,load_shedding_gwh
DE,2011,47.13997521739567,12.50872452588564,133.62031235730373,0.002784313582783848
FR,2011,38.28358741808525,12.527473724300169,133.61382609807524,0.002451962343113027
AT,2011,73.55638447318292,101.135634539839,133.62022002146395,0.002831445905367434
CH,2011,70.5726301277884,90.97903496150019,133.61975135018136,0.0036585201182531323
NL,2011,44.151172310647965,0.16373990597299679,133.6204077826791,0.002924423015062603
BE,2011,50.026106361214474,12.528707438497786,133.62052553975278,0.002703086952589188
CZ,2011,96.40969130623385,113.63134396527357,133.6183848598637,0.0032183005023052606
PL,2011,110.84607491486535,113.62226074182624,133.58760164136368,0.0031825596889022917
DK,2011,39.08394674011884,0.021150156050887062,133.61989157685295,0.0029339018644061713
SE,2011,0.7623539471635421,0.007859791969441709,12.493127618926868,0.002813436058823229
NO,2011,0.005199487348828257,0.005126249988988884,0.0058124844466318016,0.0033511443447796236
FI,2011,3.065157504228189,0.018969581710976513,12.52922472486153,0.0025288861684746055
adriatic,2011,110.70916133422625,120.21441319064638,120.27458219119755,0.0025912632740636887
baltic,2011,20.832026563837747,0.022266864107071,132.92958899634044,0.0037047383916945426
ES,2011,106.47633094652875,133.60409897074618,133.61904341806232,0.003052012652025849
PT,2011,107.45906543452952,133.60341051112124,133.61819852578122,0.003171120664026325
IT,2011,117.34072816883683,133.61929492343504,133.62020035529255,0.0023829119830628943
GR,2011,114.75281129028669,120.22773064409411,133.6021138824787,0.003093604065559659
UK,2011,34.02036965848036,1.9333671447364078,133.62006083509667,0.0027026673808256394
IE,2011,48.718100235294564,12.515967063545677,133.62129621820336,0.0033773766655675955
other eastern european,2011,110.37853074381641,120.21342818167685,120.2829308274441,0.0031271443700210968
