week,actual_soc_mwh,actual_soc_pct,min_level_mwh,min_level_pct,max_level_mwh,max_level_pct
1,53853244.24217496,60.11949969542959,48286429.300000004,53.904941335387434,79737491.39999999,89.01558592049298
2,50506745.04014483,56.383608560394784,46289472.70000001,51.675622871942586,77552910.10000001,86.57681112339107
3,50053797.88669529,55.877957384926134,44683049.900000006,49.8822799379305,75183210.0,83.9313774741284
4,48325820.15956513,53.94891563634094,42547443.599999994,47.49817877356911,72091214.2,80.47960324636905
5,45052314.41951245,50.294511336071146,40426171.9,45.13008015450395,69531007.1,77.62149558480414
6,41080520.79660291,45.86056777588322,37718272.599999994,42.107095124864635,66412939.300000004,74.14061567143352
7,37129015.27176169,41.449272996150455,34782434.900000006,38.82964924031839,63196348.1,70.54974837290823
8,33560176.63013154,37.46517145040752,31522737.400000002,35.19065987921007,60594967.2,67.64567601058307
9,29420676.36400045,32.844007238465736,28748164.100000005,32.09324279670005,59210998.5,66.1006714893332
10,27478797.35864217,30.676175088071904,26198927.2,29.247381805597417,58644671.9,65.46844826238878
11,25087371.6573708,28.00648789016243,23534420.9,26.27283889837793,58338416.6,65.12655771012649
12,22722830.85677124,25.36681386602726,20910516.6,23.3436223584179,60480178.300000004,67.51753050448218
13,21210779.92339458,23.678823719698784,18734306.7,20.91419304062427,59439702.5,66.35598702792012
14,19876900.960665796,22.189737277053034,16523840.8,18.446521763399087,58229302.6,65.00474742400392
15,17519018.63819731,19.557496498205243,14876910.5,16.607957957957957,56761146.7,63.365759849068404
16,18126222.8164595,20.235353736404992,14516287.200000003,16.205373254295193,55873845.8,62.37521439655268
17,19059461.90474535,21.277182652628856,14756819.9,16.47389385668196,56937226.20000001,63.56232760641684
18,20986308.371088702,23.428233107928044,15350267.600000001,17.136393940408812,63609895.39999999,71.01141520702858
19,23766568.25372835,26.53199845242456,15923225.3,17.776019848845127,68121642.3,76.04813992431093
20,28867512.584051687,32.226478430904905,18907463.0,21.107497460285565,69570161.9,77.66520635877514
21,37328755.53839277,41.672254639464114,20866805.599999998,23.29482523415609,69417555.60000001,77.494843095884
22,44618213.24964055,49.8098990250182,24229274.3,27.04854404590464,70608130.2,78.82395056766805
23,52705682.49799199,58.83840996906794,28011532.200000003,31.27089788673432,73919406.3,82.52052011118926
24,55515613.27709726,61.97529865601356,31724031.999999996,35.41537671500497,75938980.80000001,84.77508824809941
25,59295741.16819015,66.19527464437317,35034830.800000004,39.111413420855804,78906470.9,88.08786954240486
26,62410880.59932104,69.6728854497483,36880833.3,41.17221306808667,81278290.9,90.73566975897832
27,64938965.51421131,72.49513325319145,39868821.4,44.50787746854662,83225889.7,92.90988724784263
28,66379648.2111878,74.10345089831965,41668737.6,46.51722830637329,84505945.2,94.3388874376235
29,68066557.08533931,75.9866451045908,43011631.800000004,48.0163789812117,85101136.4,95.00333389151233
30,69830070.05917141,77.95535690988915,44028350.900000006,49.151401475825274,85201973.5,95.11590419415697
31,70239568.43672734,78.4125036970733,44946929.4,50.176863927124145,85210252.0,95.12514596380767
32,69548809.90468025,77.64136988811889,46093636.9,51.45700001116358,84617376.10000001,94.46328421358162
33,71637961.90875143,79.97361142787929,46729050.5,52.16634906281746,85981710.1,95.98636938053295
34,73319383.12290238,81.8506794410422,47558240.99999999,53.092022505777145,85440981.39999999,95.38272257387497
35,72714145.50505659,81.17501758828337,48460260.9,54.09899963160186,84163052.2,93.9560960960961
36,72679632.59605184,81.13648882643072,48833098.89999999,54.51522031325005,83642909.60000001,93.37543074673188
37,73742261.76329915,82.32276339160627,48711768.599999994,54.37977226296928,84408785.7,94.23042265313642
38,76560770.93627177,85.46922863711865,48338930.6,53.9635515813211,85270487.10000001,95.19238989919288
39,78812923.13672023,87.98343674907646,48902655.2,54.59287004476596,85325521.4,95.25382787992453
40,78689710.84452403,87.84588772176343,51101955.50000001,57.048076515176895,84501631.0,94.33407124596715
41,78659415.80015542,87.8120676068136,53107384.400000006,59.28685309845162,84316417.7,94.12730689797606
42,76224221.46469724,85.09351894425717,54864570.7,61.24850207084408,84700608.70000002,94.55620159192651
43,73541604.24105512,82.09875776265683,56015209.6,62.53302700469987,85868469.3,95.85995210824207
44,72230900.55338281,80.63554322357615,58333332.7,65.12088225772241,86686588.70000002,96.77326624021792
45,71300779.01490098,79.59719460899672,59348306.7,66.2539565960012,86600183.9,96.67680755104547
46,68649629.36106136,76.63756250048715,59149612.5,66.03214273753308,86334527.39999999,96.38023979369703
47,65499464.69623968,73.12085099550072,58216792.300000004,64.99078145059558,86086001.30000001,96.10279569532358
48,63359694.727078594,70.73210168578831,56853217.5,63.46854382263304,85638593.60000001,95.60332853299397
49,61003365.70899537,68.10159495070764,55706700.6,62.18862051642721,85416903.5,95.35584301773893
50,59836532.11656139,66.79899094249795,54080071.300000004,60.37271989461581,85527161.1,95.47892997086306
51,58299727.76840952,65.08336712371425,52276986.1,58.35983131830715,83579081.8,93.30417607198275
52,57563118.270509765,64.26104722251222,50690768.199999996,56.58904428592161,81505841.7,90.98969791352691
