week,actual_generated_mwh,min_generated_mwh,max_generated_mwh
1,4514835.113966497,657830.6939499436,4516114.899382429
2,3449712.560511601,705467.0088357208,4787560.375755575
3,1836206.9628087142,681975.5339431813,4932259.247117285
4,2813757.5446385965,689293.3623609645,4859139.725680287
5,3553978.7919496004,668824.162108395,4920870.160190949
6,4040428.2722593853,706433.3528712657,4816507.155293496
7,4040581.91781122,598599.0386385403,4859460.393454439
8,3565110.126448865,597600.0201018224,4398972.796960905
9,3964620.3374489094,540746.290867494,4533431.479972532
10,2237207.5885337484,588068.3381824213,4487683.261223631
11,3008743.553443143,666879.2856909169,4196320.705238562
12,3151978.102360201,577959.9971590512,4349539.273110682
13,2477662.388336437,737739.8025499836,4081434.4173129518
14,2052996.982865545,700854.9368895942,4424109.4697613865
15,2596755.118943897,807801.7700239021,4105336.365757021
16,1415232.5991346263,817169.8660052654,4259036.96492183
17,1947057.6558555705,992518.8314332103,3968386.2009967533
18,1500935.2090890333,1207260.1966567151,4042431.7817701497
19,2006656.5673418706,1302910.5089690047,4299424.819856028
20,1811555.8508245328,1486743.0686698966,4521303.023126084
21,2099298.081788738,1586329.5657070093,3968395.609421267
22,1999754.184670772,1693316.58984859,4103309.144042171
23,1804428.9182429062,1800406.300305558,4105005.7866955576
24,2165131.751961382,1778190.5694063613,4201454.489204453
25,1833252.6366756808,1833228.5299435281,3914624.4134303555
26,2056804.7022405402,1939379.0301754456,4192514.6194277005
27,1992722.8287252877,1988700.0552999252,4330222.525607797
28,1921449.2501067617,1908982.1299942918,4477844.587557396
29,1909241.2174117758,1868552.4825482892,4182587.798270849
30,2104843.803219499,1805249.9065635002,4041576.6636510175
31,2150421.9352690754,1742007.0783575848,4195316.928973701
32,2384722.563724366,1605221.9015779188,4242781.540182881
33,1750327.194428795,1694613.6709020515,3906229.5003580675
34,1837485.8141443934,1588663.0057900306,4113788.566292019
35,2258161.4808858475,1583312.7943208804,4069241.0118020214
36,2290643.146236956,1575677.430594278,4056541.2813191763
37,2019604.04855785,1569674.246314737,4116633.301827004
38,1619406.6469412912,1549876.167504403,4136285.835656193
39,2577126.2182956347,1523874.5062320605,3901726.0094650513
40,2399890.153943992,1349434.9803189766,4294950.465606947
41,1958553.455844634,1438628.4712500134,4157698.865890012
42,3345571.254143751,1278696.4156625276,3987182.890710596
43,3372000.391261533,1260788.598204855,4206910.951943812
44,2703308.822551298,1374371.1828035766,4046935.370429365
45,2699858.983051528,1276011.812016706,3972070.9300306602
46,3319543.471982272,1171155.2234360245,4126575.952636442
47,3732254.644296673,990585.5177082939,3976036.1324357577
48,3172999.113550514,1046453.4852058443,4093178.8322177446
49,3295704.0368196517,954592.4557009228,4447747.085565621
50,2267686.904488653,918430.3777390164,4674609.897976453
51,3207637.358080068,904792.6658789825,4696829.407198659
52,2152237.029025488,755522.2756251881,4575896.297364756
