name,bus,p_nom,marginal_cost,carrier
Gas_DE,DE,35448.620054347826,135.089,gas
Oil_DE,DE,849.6499999999999,305.82608695652175,oil
Biomass_DE,DE,12034.29,60.0,biomass
WindOn_DE,DE,110000.0,0.0,wind
WindOff_DE,DE,30048.0,0.0,wind
Solar_DE,DE,200000.0,0.0,solar
RoR_DE,DE,4368.4,0.0,hydro
LoadShedding_DE,DE,1000000.0,3000.0,mismatch
Gas_FR,FR,11589.0,135.089,gas
Nuclear_FR,FR,59110.0,12.527272727272727,nuclear
Oil_FR,FR,971.0,305.82608695652175,oil
Biomass_FR,FR,2390.000000000002,60.0,biomass
WindOn_FR,FR,35929.0,0.0,wind
WindOff_FR,FR,5766.0,0.0,wind
Solar_FR,FR,43440.99999999994,0.0,solar
RoR_FR,FR,12188.20724729815,0.0,hydro
Pondage_FR,FR,1411.792752701844,0.0,hydro
LoadShedding_FR,FR,1000000.0,3000.0,mismatch
Gas_AT,AT,4105.53,135.089,gas
Oil_AT,AT,120.0,305.82608695652175,oil
Biomass_AT,AT,761.5595554814278,60.0,biomass
WindOn_AT,AT,7500.004153438355,0.0,wind
Solar_AT,AT,12000.257,0.0,solar
RoR_AT,AT,4893.021529999998,0.0,hydro
Pondage_AT,AT,1146.78,0.0,hydro
LoadShedding_AT,AT,1000000.0,3000.0,mismatch
Gas_CH,CH,550.0,135.089,gas
Nuclear_CH,CH,1190.0,12.527272727272727,nuclear
Biomass_CH,CH,440.0,60.0,biomass
WindOn_CH,CH,310.0,0.0,wind
Solar_CH,CH,9770.0,0.0,solar
RoR_CH,CH,4210.0,0.0,hydro
LoadShedding_CH,CH,1000000.0,3000.0,mismatch
Gas_NL,NL,15698.5,135.089,gas
Nuclear_NL,NL,486.0,12.527272727272727,nuclear
Biomass_NL,NL,2189.6,60.0,biomass
WindOn_NL,NL,11633.0,0.0,wind
WindOff_NL,NL,21470.0,0.0,wind
Solar_NL,NL,46169.92881512357,0.0,solar
RoR_NL,NL,37.7,0.0,hydro
LoadShedding_NL,NL,1000000.0,3000.0,mismatch
Gas_BE,BE,5991.1,135.089,gas
Nuclear_BE,BE,2077.0,12.527272727272727,nuclear
Oil_BE,BE,158.0,305.82608695652175,oil
Biomass_BE,BE,1061.0249999999996,60.0,biomass
WindOn_BE,BE,4989.4,0.0,wind
WindOff_BE,BE,5800.0,0.0,wind
Solar_BE,BE,11354.999,0.0,solar
RoR_BE,BE,148.2020000000001,0.0,hydro
LoadShedding_BE,BE,1000000.0,3000.0,mismatch
Gas_CZ,CZ,3954.212671463235,135.089,gas
Lignite_CZ,CZ,2849.85,121.63555555555556,lignite
Nuclear_CZ,CZ,4047.1,12.527272727272727,nuclear
Biomass_CZ,CZ,715.6829603581901,60.0,biomass
WindOn_CZ,CZ,751.414376657825,0.0,wind
Solar_CZ,CZ,8132.905439999998,0.0,solar
RoR_CZ,CZ,431.6300000000002,0.0,hydro
LoadShedding_CZ,CZ,1000000.0,3000.0,mismatch
Gas_PL,PL,11411.517160052437,135.089,gas
Lignite_PL,PL,7036.5,121.63555555555556,lignite
Coal_PL,PL,13219.88666372778,121.97722222222222,coal
Biomass_PL,PL,1396.9,60.0,biomass
WindOn_PL,PL,10805.99999999999,0.0,wind
WindOff_PL,PL,5932.5,0.0,wind
Solar_PL,PL,13576.75,0.0,solar
RoR_PL,PL,523.06,0.0,hydro
LoadShedding_PL,PL,1000000.0,3000.0,mismatch
Gas_DK,DK,859.076304262194,135.089,gas
Coal_DK,DK,2.84685,121.97722222222222,coal
Oil_DK,DK,556.1,305.82608695652175,oil
Biomass_DK,DK,2345.039845737806,60.0,biomass
WindOn_DK,DK,5649.701500107729,0.0,wind
WindOff_DK,DK,5339.700000000001,0.0,wind
Solar_DK,DK,8483.013975575635,0.0,solar
LoadShedding_DK,DK,1000000.0,3000.0,mismatch
Gas_SE,SE,200.7635,135.089,gas
Nuclear_SE,SE,6835.0,12.527272727272727,nuclear
Biomass_SE,SE,6671.3,60.0,biomass
WindOn_SE,SE,17952.62708796569,0.0,wind
WindOff_SE,SE,5000.264154103306,0.0,wind
Solar_SE,SE,7648.741576624081,0.0,solar
LoadShedding_SE,SE,1000000.0,3000.0,mismatch
Gas_NO,NO,265.0,135.089,gas
Biomass_NO,NO,0.003,60.0,biomass
WindOn_NO,NO,7839.624999999999,0.0,wind
WindOff_NO,NO,1003.5,0.0,wind
Solar_NO,NO,4134.0,0.0,solar
LoadShedding_NO,NO,1000000.0,3000.0,mismatch
Gas_FI,FI,1434.5,135.089,gas
Coal_FI,FI,206.1,121.97722222222222,coal
Nuclear_FI,FI,4394.0,12.527272727272727,nuclear
Biomass_FI,FI,3614.7200000000003,60.0,biomass
WindOn_FI,FI,13412.51588071754,0.0,wind
WindOff_FI,FI,1512.0,0.0,wind
Solar_FI,FI,2098.0,0.0,solar
LoadShedding_FI,FI,1000000.0,3000.0,mismatch
